{
    "A": {"valeur": 1, "quantite": 9}, 
    "B": {"valeur": 3, "quantite": 2},
    "C": {"valeur": 3, "quantite": 2}, 
    "D": {"valeur": 2, "quantite": 4},
    "E": {"valeur": 1, "quantite": 12}, 
    "F": {"valeur": 4, "quantite": 2},
    "G": {"valeur": 2, "quantite": 3}, 
    "H": {"valeur": 4, "quantite": 2},
    "I": {"valeur": 1, "quantite": 9}, 
    "J": {"valeur": 8, "quantite": 1},
    "K": {"valeur": 5, "quantite": 1}, 
    "L": {"valeur": 1, "quantite": 4},
    "M": {"valeur": 3, "quantite": 2}, 
    "N": {"valeur": 1, "quantite": 6},
    "O": {"valeur": 1, "quantite": 8}, 
    "P": {"valeur": 3, "quantite": 2},
    "Q": {"valeur": 10, "quantite": 1}, 
    "R": {"valeur": 1, "quantite": 6},
    "S": {"valeur": 1, "quantite": 4}, 
    "T": {"valeur": 1, "quantite": 6},
    "U": {"valeur": 1, "quantite": 4}, 
    "V": {"valeur": 4, "quantite": 2},
    "W": {"valeur": 4, "quantite": 2}, 
    "X": {"valeur": 8, "quantite": 1},
    "Y": {"valeur": 4, "quantite": 2}, 
    "Z": {"valeur": 10, "quantite": 1},
    "?": {"valeur": 0, "quantite": 2}
}
