{
  "A": { "valeur": 1, "quantite": 9 },
  "B": { "valeur": 3, "quantite": 2 },
  "C": { "valeur": 3, "quantite": 2 },
  "D": { "valeur": 2, "quantite": 3 },
  "E": { "valeur": 1, "quantite": 15 },
  "F": { "valeur": 4, "quantite": 2 },
  "G": { "valeur": 2, "quantite": 2 },
  "H": { "valeur": 4, "quantite": 2 },
  "I": { "valeur": 1, "quantite": 8 },
  "J": { "valeur": 8, "quantite": 1 },
  "K": { "valeur": 10, "quantite": 1 },
  "L": { "valeur": 1, "quantite": 5 },
  "M": { "valeur": 2, "quantite": 3 },
  "N": { "valeur": 1, "quantite": 6 },
  "O": { "valeur": 1, "quantite": 6 },
  "P": { "valeur": 3, "quantite": 2 },
  "Q": { "valeur": 8, "quantite": 1 },
  "R": { "valeur": 1, "quantite": 6 },
  "S": { "valeur": 1, "quantite": 6 },
  "T": { "valeur": 1, "quantite": 6 },
  "U": { "valeur": 1, "quantite": 6 },
  "V": { "valeur": 4, "quantite": 2 },
  "W": { "valeur": 10, "quantite": 1 },
  "X": { "valeur": 10, "quantite": 1 },
  "Y": { "valeur": 10, "quantite": 1 },
  "Z": { "valeur": 10, "quantite": 1 },
  "?": { "valeur": 0, "quantite": 2 }
}




