{
  "A": {"valeur": 1, "quantite": 18},
  "ɛ": {"valeur": 10, "quantite": 1},
  "B": {"valeur": 5, "quantite": 2},
  "C": {"valeur": 5, "quantite": 2},
  "D": {"valeur": 4, "quantite": 4},
  "E": {"valeur": 1, "quantite": 17},
  "F": {"valeur": 5, "quantite": 2},
  "G": {"valeur": 5, "quantite": 2},
  "H": {"valeur": 8, "quantite": 1},
  "I": {"valeur": 1, "quantite": 11},
  "J": {"valeur": 5, "quantite": 2 },
  "K": {"valeur": 4, "quantite": 4},
  "L": {"valeur": 3, "quantite": 5},
  "M": {"valeur": 2, "quantite": 6},
  "N": {"valeur": 1, "quantite": 11},
  "Q": {"valeur": 5, "quantite": 2},
  "R": {"valeur": 4, "quantite": 3},
  "S": {"valeur": 1, "quantite": 11},
  "T": {"valeur": 5, "quantite": 2},
  "U": {"valeur": 4, "quantite": 5},
  "W": {"valeur": 4, "quantite": 3},
  "X": {"valeur": 6, "quantite": 1},
  "Y": {"valeur": 3, "quantite": 5},
  "Z": {"valeur": 8, "quantite": 1},
  "ɣ": {"valeur": 4, "quantite": 3},
  "ḍ": {"valeur": 8, "quantite": 1},
  "ṣ": {"valeur": 10, "quantite": 1},
  "ẓ": {"valeur": 8, "quantite": 1},
  "ǧ": {"valeur": 10, "quantite": 1},
  "ṭ": {"valeur": 8, "quantite": 1},
  "č": {"valeur": 10, "quantite": 1},
  "ḥ": {"valeur": 8, "quantite": 1},
  "?": {"valeur": 0, "quantite": 2}
}

